"","Accession","Gene_Name"
"1","Q5T440","IBA57"
"2","Q5T5N4","C6orf118"
"3","Q68DK2","ZFYVE26"
"4","Q6IF99","OR10K2"
"5","Q6P179","ERAP2"
"6","Q6X4W1","NSMF"
"7","Q6ZR08","DNAH12"
"8","Q7L1W4","LRRC8D"
"9","Q7RTY8","TMPRSS7"
"10","Q7Z6Z7","HUWE1"
"11","Q86UE8","TLK2"
"12","Q86WA8","LONP2"
"13","Q86WJ1","CHD1L"
"14","Q86X45","DNAAF11"
"15","Q8IUR7","ARMC8"
"16","Q8IXJ9","ASXL1"
"17","Q8N1G4","LRRC47"
"18","Q8N511","TMEM199"
"19","Q8N6L0","KASH5"
"20","Q8N9I5","FADS6"
"21","Q8NB66","UNC13C"
"22","Q8NCM8","DYNC2H1"
"23","Q8NGN1","OR6T1"
"24","Q8TAD4","SLC30A5"
"25","Q8TBY0","RBM46"
"26","Q8WU68","U2AF1L4"
"27","Q8WW24","TEKT4"
"28","Q8WWX0","ASB5"
"29","Q92499","DDX1"
"30","Q92526","CCT6B"
"31","Q92598","HSPH1"
"32","Q92889","ERCC4"
"33","Q96B01","RAD51AP1"
"34","Q96BY6","DOCK10"
"35","Q96GA7","SDSL"
"36","Q96JB1","DNAH8"
"37","Q96LT4","SAMD8"
"38","Q99453","PHOX2B"
"39","Q99733","NAP1L4"
"40","Q9BWT7","CARD10"
"41","Q9BXF3","CECR2"
"42","Q9BY12","SCAPER"
"43","Q9H0E9","BRD8"
"44","Q9H270","VPS11"
"45","Q9H9F9","ACTR5"
"46","Q9HA38","ZMAT3"
"47","Q9HBA9","FOLH1B"
"48","Q9HCK8","CHD8"
"49","Q9NRX1","PNO1"
"50","Q9NTG1","PKDREJ"
"51","Q9NVA2","SEPTIN11"
"52","Q9NX58","LYAR"
"53","Q9P0M6","MACROH2A2"
"54","Q9P202","WHRN"
"55","Q9UJQ4","SALL4"
"56","Q9UNS2","COPS3"
"57","Q9Y276","BCS1L"
"58","Q9Y2F5","ICE1"
"59","Q9Y487","ATP6V0A2"
"60","A0A1B0GUA6","CCDC195"
"61","A5YKK6","CNOT1"
"62","A6NC57","ANKRD62"
"63","A8K855","EFCAB7"
"64","A8MXV6","CDRT15L2"
"65","G3V0H7","SLCO1B7"
"66","O00139","KIF2A"
"67","O00458","IFRD1"
"68","O00471","EXOC5"
"69","O00567","NOP56"
"70","O00602","FCN1"
"71","O14490","DLGAP1"
"72","O14579","COPE"
"73","O14980","XPO1"
"74","O15042","U2SURP"
"75","O15145","ARPC3"
"76","O15355","PPM1G"
"77","O15397","IPO8"
"78","O43143","DHX15"
"79","O43164","PJA2"
"80","O43169","CYB5B"
"81","O43426","SYNJ1"
"82","O43490","PROM1"
"83","O43815","STRN"
"84","O43913","ORC5"
"85","O43933","PEX1"
"86","O60282","KIF5C"
"87","O60287","URB1"
"88","O60313","OPA1"
"89","O60673","REV3L"
"90","O60784","TOM1"
"91","O60925","PFDN1"
"92","O75113","N4BP1"
"93","O75132","ZBED4"
"94","O75366","AVIL"
"95","O75390","CS"
"96","O75449","KATNA1"
"97","O75475","PSIP1"
"98","O75533","SF3B1"
"99","O75874","IDH1"
"100","O75901","RASSF9"
"101","O76081","RGS20"
"102","O76094","SRP72"
"103","O94868","FCHSD2"
"104","O94964","MTCL2"
"105","O95045","UPP2"
"106","O95071","UBR5"
"107","O95718","ESRRB"
"108","O95835","LATS1"
"109","O95837","GNA14"
"110","O95870","ABHD16A"
"111","P01011","SERPINA3"
"112","P01730","CD4"
"113","P02768","ALB"
"114","P02786","TFRC"
"115","P04114","APOB"
"116","P04792","HSPB1"
"117","P06133","UGT2B4"
"118","P06681","C2"
"119","P06744","GPI"
"120","P07947","YES1"
"121","P08621","SNRNP70"
"122","P09131","SLC10A3"
"123","P09234","SNRPC"
"124","P09630","HOXC6"
"125","P09758","TACSTD2"
"126","P09848","LCT"
"127","P0C874","SPATA31D3"
"128","P0DPK5","H3Y2"
"129","P10398","ARAF"
"130","P10620","MGST1"
"131","P10643","C7"
"132","P11055","MYH3"
"133","P11387","TOP1"
"134","P11532","DMD"
"135","P13667","PDIA4"
"136","P13725","OSM"
"137","P15173","MYOG"
"138","P16885","PLCG2"
"139","P17535","JUND"
"140","P17948","FLT1"
"141","P19388","POLR2E"
"142","P19827","ITIH1"
"143","P20930","FLG"
"144","P21453","S1PR1"
"145","P22314","UBA1"
"146","P22694","PRKACB"
"147","P23284","PPIB"
"148","P23443","RPS6KB1"
"149","P23515","OMG"
"150","P23588","EIF4B"
"151","P24043","LAMA2"
"152","P24844","MYL9"
"153","P25490","YY1"
"154","P25686","DNAJB2"
"155","P27037","ACVR2A"
"156","P28332","ADH6"
"157","P29401","TKT"
"158","P30101","PDIA3"
"159","P30566","ADSL"
"160","P33981","TTK"
"161","P34897","SHMT2"
"162","P36507","MAP2K2"
"163","P40938","RFC3"
"164","P41218","MNDA"
"165","P43364","MAGEA11"
"166","P46013","MKI67"
"167","P46821","MAP1B"
"168","P47895","ALDH1A3"
"169","P47989","XDH"
"170","P49247","RPIA"
"171","P49458","SRP9"
"172","P49588","AARS1"
"173","P49589","CARS1"
"174","P49736","MCM2"
"175","P50750","CDK9"
"176","P51114","FXR1"
"177","P51649","ALDH5A1"
"178","P51692","STAT5B"
"179","P51828","ADCY7"
"180","P51957","NEK4"
"181","P52434","POLR2H"
"182","P52569","SLC7A2"
"183","P52961","ART1"
"184","P55055","NR1H2"
"185","P55196","AFDN"
"186","P55769","SNU13"
"187","P56159","GFRA1"
"188","P56715","RP1"
"189","P57057","SLC37A1"
"190","P57678","GEMIN4"
"191","P58550","FXYD6P3"
"192","P59044","NLRP6"
"193","P60174","TPI1"
"194","P61201","COPS2"
"195","P63165","SUMO1"
"196","P84090","ERH"
"197","P84103","SRSF3"
"198","P84243",""
"199","P98168","ZXDA"
"200","Q00496","botE"
"201","Q00653","NFKB2"
"202","Q00688","FKBP3"
"203","Q00796","SORD"
"204","Q01469","FABP5"
"205","Q01518","CAP1"
"206","Q01850","CDR2"
"207","Q02383","SEMG2"
"208","Q02413","DSG1"
"209","Q02790","FKBP4"
"210","Q03252","LMNB2"
"211","Q07890","SOS2"
"212","Q08828","ADCY1"
"213","Q08945","SSRP1"
"214","Q09472","EP300"
"215","Q0IIN9","ZNF252P-AS1"
"216","Q0VD86","INCA1"
"217","Q12789","GTF3C1"
"218","Q12882","DPYD"
"219","Q12996","CSTF3"
"220","Q13061","TRDN"
"221","Q13144","EIF2B5"
"222","Q13232","NME3"
"223","Q13416","ORC2"
"224","Q13428","TCOF1"
"225","Q13618","CUL3"
"226","Q13620","CUL4B"
"227","Q13625","TP53BP2"
"228","Q13797","ITGA9"
"229","Q14123","PDE1C"
"230","Q14126","DSG2"
"231","Q14155","ARHGEF7"
"232","Q14244","MAP7"
"233","Q14254","FLOT2"
"234","Q14258","TRIM25"
"235","Q14697","GANAB"
"236","Q14940","SLC9A5"
"237","Q14952","KIR2DS3"
"238","Q14CM0","FRMPD4"
"239","Q15020","SART3"
"240","Q15036","SNX17"
"241","Q15370","ELOB"
"242","Q15413","RYR3"
"243","Q15477","SKIC2"
"244","Q15678","PTPN14"
"245","Q15717","ELAVL1"
"246","Q15833","STXBP2"
"247","Q16643","DBN1"
"248","Q16654","PDK4"
"249","Q16778","H2BC21"
"250","Q2M329","CFAP184"
"251","Q2M3G0","ABCB5"
"252","Q3V6T2","CCDC88A"
"253","Q495M3","SLC36A2"
"254","Q4G0N4","NADK2"
"255","Q4KWH8","PLCH1"
"256","Q4LE39","ARID4B"
"257","Q52LW3","ARHGAP29"
"258","Q53G59","KLHL12"
"259","Q53GI3","ZNF394"
"260","Q53GL7","PARP10"
"261","Q5CZC0","FSIP2"
"262","Q5D862","FLG2"
"263","Q5H8C1","FREM1"
"264","Q5HYW2","NHSL2"
"265","Q5JPE7","NOMO2"
"266","Q5JQS6","GCSAML"
"267","Q5JRM2","CXorf66"
"268","Q5SQI0","ATAT1"
"269","Q5SXM2","SNAPC4"
"270","Q5T4T6","SYCP2L"
"271","Q5T5J6","SWT1"
"272","Q5T9A4","ATAD3B"
"273","Q5U649","C12orf60"
"274","Q5UIP0","RIF1"
"275","Q5VZK9","CARMIL1"
"276","Q5XKR4","OTP"
"277","Q60I27","ALS2CL"
"278","Q68DE3","USF3"
"279","Q68E01","INTS3"
"280","Q6FIF0","ZFAND6"
"281","Q6IE81","JADE1"
"282","Q6NUQ4","TMEM214"
"283","Q6P5R6","RPL22L1"
"284","Q6UUV7","CRTC3"
"285","Q6UX65","DRAM2"
"286","Q6XZB0","LIPI"
"287","Q6ZMK1",""
"288","Q6ZNB7","AGMO"
"289","Q6ZP82","CCDC141"
"290","Q75V66","ANO5"
"291","Q7KZF4","SND1"
"292","Q7KZI7","MARK2"
"293","Q7L1Q6","BZW1"
"294","Q7L4P6","BEND5"
"295","Q7RTV0","PHF5A"
"296","Q7Z2Z1","TICRR"
"297","Q7Z3E1","TIPARP"
"298","Q7Z4S6","KIF21A"
"299","Q7Z4V5","HDGFL2"
"300","Q7Z5P9","MUC19"
"301","Q7Z6J0","SH3RF1"
"302","Q7Z6P3","RAB44"
"303","Q7Z7G0","ABI3BP"
"304","Q86UU1","PHLDB1"
"305","Q86VE3","SATL1"
"306","Q86W50","METTL16"
"307","Q86W56","PARG"
"308","Q86WT1","IFT70A"
"309","Q86WZ0","HEATR4"
"310","Q86XN8","MEX3D"
"311","Q86YF9","DZIP1"
"312","Q8IV77","CNGA4"
"313","Q8IVT2","MISP"
"314","Q8IW93","ARHGEF19"
"315","Q8IWZ3","ANKHD1"
"316","Q99460","PSMD1"
"317","Q13200","PSMD2"
"318","P43686","PSMC4"
"319","O00231","PSMD11"
"320","P62195","PSMC5"
"321","O43242","PSMD3"
"322","O00232","PSMD12"
"323","P62191","PSMC1"
"324","P17980","PSMC3"
"325","P35998","PSMC2"
"326","P62333","PSMC6"
"327","Q5VYK3","ECPAS"
"328","Q15008","PSMD6"
"329","Q9UNM6","PSMD13"
"330","P51665","PSMD7"
"331","Q16401","PSMD5"
"332","P54578","USP14"
"333","P25787","PSMA2"
"334","P25786","PSMA1"
"335","O00487","PSMD14"
"336","Q9Y5K5","UCHL5"
"337","P28074","PSMB5"
"338","P28066","PSMA5"
"339","P55036","PSMD4"
"340","P48556","PSMD8"
"341","P20618","PSMB1"
"342","P60900","PSMA6"
"343","O14818","PSMA7"
"344","P49720","PSMB3"
"345","P49721","PSMB2"
"346","P25788","PSMA3"
"347","O75832","PSMD10"
"348","P28070","PSMB4"
"349","O43396","TXNL1"
"350","Q16186","ADRM1"
"351","P28072","PSMB6"
"352","P25789","PSMA4"
"353","Q99436","PSMB7"
"354","P62979","RPS27A"
"355","Q15386","UBE3C"
"356","Q14997","PSME4"
"357","P04264","KRT1"
"358","Q00610","CLTC"
"359","P07900","HSP90AA1"
"360","P08238","HSP90AB1"
"361","Q05086","UBE3A"
"362","Q9BRP4","PAAF1"
"363","P35527","KRT9"
"364","P68104","EEF1A1"
"365","Q8WVY7","UBLCP1"
"366","P07437","TUBB"
"367","P62701","RPS4X"
"368","Q02952","AKAP12"
"369","P54727","RAD23B"
"370","P68371","TUBB4B"
"371","P63244","RACK1"
"372","P23396","RPS3"
"373","P68363","TUBA1B"
"374","P13645","KRT10"
"375","P60709","ACTB"
"376","P29692","EEF1D"
"377","Q14152","EIF3A"
"378","P22061","PCMT1"
"379","P62241","RPS8"
"380","P06748","NPM1"
"381","P26641","EEF1G"
"382","P61247","RPS3A"
"383","Q9UMX0","UBQLN1"
"384","P02538","KRT6A"
"385","P62269","RPS18"
"386","Q7L2H7","EIF3M"
"387","P08865","RPSA"
"388","P46379","BAG6"
"389","P08779","KRT16"
"390","P62249","RPS16"
"391","P04259","KRT6B"
"392","Q00839","HNRNPU"
"393","Q5TDH0","DDI2"
"394","P55072","VCP"
"395","P19338","NCL"
"396","P35908","KRT2"
"397","P39019","RPS19"
"398","Q99613","EIF3C"
"399","P11142","HSPA8"
"400","P55884","EIF3B"
"401","P62280","RPS11"
"402","Q02878","RPL6"
"403","P63261","ACTG1"
"404","P02533","KRT14"
"405","P13639","EEF2"
"406","P15880","RPS2"
"407","P62258","YWHAE"
"408","P63104","YWHAZ"
"409","Q9Y262","EIF3L"
"410","P18124","RPL7"
"411","P25398","RPS12"
"412","P60228","EIF3E"
"413","P40429","RPL13A"
"414","P46782","RPS5"
"415","P24534","EEF1B2"
"416","Q9Y230","RUVBL2"
"417","P13647","KRT5"
"418","Q05639","EEF1A2"
"419","O60664","PLIN3"
"420","P26640","VARS1"
"421","P62753","RPS6"
"422","Q9UQ80","PA2G4"
"423","P62424","RPL7A"
"424","P62081","RPS7"
"425","P05787","KRT8"
"426","P62263","RPS14"
"427","P08708","RPS17"
"428","P12956","XRCC6"
"429","Q13148","TARDBP"
"430","P49327","FASN"
"431","Q5T4S7","UBR4"
"432","P49368","CCT3"
"433","Q9Y265","RUVBL1"
"434","P08727","KRT19"
"435","P05387","RPLP2"
"436","P49748","ACADVL"
"437","Q13509","TUBB3"
"438","O15371","EIF3D"
"439","P13010","XRCC5"
"440","P46777","RPL5"
"441","O14562","UBFD1"
"442","P18621","RPL17"
"443","P36578","RPL4"
"444","Q9NY65","TUBA8"
"445","Q9Y4E8","USP15"
"446","P39023","RPL3"
"447","Q13347","EIF3I"
"448","O60506","SYNCRIP"
"449","P15311","EZR"
"450","P61353","RPL27"
"451","P46781","RPS9"
"452","P62851","RPS25"
"453","P07814","EPRS1"
"454","P0DP25","CALM3"
"455","P31948","STIP1"
"456","Q14204","DYNC1H1"
"457","Q99832","CCT7"
"458","O00303","EIF3F"
"459","P11021","HSPA5"
"460","P05388","RPLP0"
"461","P50990","CCT8"
"462","P61981","YWHAG"
"463","P11940","PABPC1"
"464","P26373","RPL13"
"465","P27635","RPL10"
"466","P35579","MYH9"
"467","P40939","HADHA"
"468","P60866","RPS20"
"469","Q02543","RPL18A"
"470","Q07020","RPL18"
"471","Q58FF6","HSP90AB4P"
"472","Q9UHD9","UBQLN2"
"473","P12268","IMPDH2"
"474","P17706","PTPN2"
"475","P31946","YWHAB"
"476","P62277","RPS13"
"477","P62750","RPL23A"
"478","P78371","CCT2"
"479","Q13310","PABPC4"
"480","P0DMV9","HSPA1B"
"481","P27348","YWHAQ"
"482","P61313","RPL15"
"483","P62841","RPS15"
"484","P27708","CAD"
"485","P61289","PSME3"
"486","P63267","ACTG2"
"487","P84098","RPL19"
"488","P04406","GAPDH"
"489","P50914","RPL14"
"490","P62888","RPL30"
"491","P62906","RPL10A"
"492","P67809","YBX1"
"493","Q9NRR5","UBQLN4"
"494","O43399","TPD52L2"
"495","P61254","RPL26"
"496","P62266","RPS23"
"497","Q04917","YWHAH"
"498","Q13616","CUL1"
"499","O75821","EIF3G"
"500","P05386","RPLP1"
"501","P54725","RAD23A"
"502","P62829","RPL23"
"503","P62857","RPS28"
"504","P07195","LDHB"
"505","P31947","SFN"
"506","P05783","KRT18"
"507","P22626","HNRNPA2B1"
"508","P48643","CCT5"
"509","Q7L5D6","GET4"
"510","P40227","CCT6A"
"511","P46779","RPL28"
"512","P46783","RPS10"
"513","P63220","RPS21"
"514","Q15046","KARS1"
"515","O15372","EIF3H"
"516","P41091","EIF2S3"
"517","P55084","HADHB"
"518","O95714","HERC2"
"519","P13423","pagA"
"520","P14625","HSP90B1"
"521","P36957","DLST"
"522","P50991","CCT4"
"523","Q8N163","CCAR2"
"524","Q9GZP4","PITHD1"
"525","P17987","TCP1"
"526","P26038","MSN"
"527","P30050","RPL12"
"528","P41252","IARS1"
"529","P46776","RPL27A"
"530","P62244","RPS15A"
"531","P62917","RPL8"
"532","Q9P2J5","LARS1"
"533","O15479","MAGEB2"
"534","P00338","LDHA"
"535","P62910","RPL32"
"536","O43707","ACTN4"
"537","P61026","RAB10"
"538","Q9UL46","PSME2"
"539","P61978","HNRNPK"
"540","P62826","RAN"
"541","P62847","RPS24"
"542","Q14974","KPNB1"
"543","P32969",""
"544","P62854","RPS26"
"545","Q06323","PSME1"
"546","Q562R1","ACTBL2"
"547","Q8NC51","SERBP1"
"548","O00233","PSMD9"
"549","P05198","EIF2S1"
"550","P60660","MYL6"
"551","P62273","RPS29"
"552","Q08AM6","VAC14"
"553","Q92841","DDX17"
"554","Q9P032","NDUFAF4"
"555","P26599","PTBP1"
"556","P62820","RAB1A"
"557","P62913","RPL11"
"558","Q92530","PSMF1"
"559","Q9H0U4","RAB1B"
"560","P07910","HNRNPC"
"561","P13646","KRT13"
"562","P16989","YBX3"
"563","P42677","RPS27"
"564","P62899","RPL31"
"565","Q12906","ILF3"
"566","Q92734","TFG"
"567","Q9Y3U8","RPL36"
"568","O60884","DNAJA2"
"569","P14868","DARS1"
"570","P15531","NME1"
"571","Q02218","OGDH"
"572","Q2KHT3","CLEC16A"
"573","Q58FG1","HSP90AA4P"
"574","O75822","EIF3J"
"575","P14866","HNRNPL"
"576","P17844","DDX5"
"577","P52272","HNRNPM"
"578","Q01581","HMGCS1"
"579","Q08211","DHX9"
"580","Q15365","PCBP1"
"581","Q7Z794","KRT77"
"582","Q969Q0","RPL36AL"
"583","Q9H7D7","WDR26"
"584","P07237","P4HB"
"585","P07384","CAPN1"
"586","P34932","HSPA4"
"587","P47897","QARS1"
"588","P47914","RPL29"
"589","P83881","RPL36A"
"590","Q14103","HNRNPD"
"591","Q15233","NONO"
"592","O94822","LTN1"
"593","P11441","UBL4A"
"594","P22234","PAICS"
"595","P27695","APEX1"
"596","P35268","RPL22"
"597","P83731","RPL24"
"598","Q15393","SF3B3"
"599","Q969U7","PSMG2"
"600","Q9UBQ5","EIF3K"
"601","O00221","NFKBIE"
"602","O76080","ZFAND5"
"603","P03508","NS"
"604","P09496","CLTA"
"605","P20042","EIF2S2"
"606","P28065","PSMB9"
"607","P42766","RPL35"
"608","P61006","RAB8A"
"609","P62491","RAB11A"
"610","Q01813","PFKP"
"611","Q12905","ILF2"
"612","Q14444","CAPRIN1"
"613","Q16531","DDB1"
"614","Q5H9B9","BMP2KL"
"615","Q99536","VAT1"
"616","Q9NQ76","MEPE"
"617","Q9P2E9","RRBP1"
"618","O43681","GET3"
"619","P02794","FTH1"
"620","P04075","ALDOA"
"621","P04632","CAPNS1"
"622","P23246","SFPQ"
"623","P31689","DNAJA1"
"624","P35637","FUS"
"625","P43243","MATR3"
"626","P46778","RPL21"
"627","P49207","RPL34"
"628","P62306","SNRPF"
"629","P81605","DCD"
"630","Q13283","G3BP1"
"631","Q15366","PCBP2"
"632","Q99715","COL12A1"
"633","Q9BV68","RNF126"
"634","Q9NSD9","FARSB"
"635","O14744","PRMT5"
"636","O94782","USP1"
"637","P06454","PTMA"
"638","P06733","ENO1"
"639","P12277","CKB"
"640","P31943","HNRNPH1"
"641","P55327","TPD52"
"642","P56192","MARS1"
"643","P60842","EIF4A1"
"644","P63173","RPL38"
"645","P63208","SKP1"
"646","Q01105","SET"
"647","Q09028","RBBP4"
"648","Q6EEV6","SUMO4"
"649","Q8WV99","ZFAND2B"
"650","Q9BVQ7","AFG2B"
"651","O43324","EEF1E1"
"652","O43615","TIMM44"
"653","O60292","SIPA1L3"
"654","O95456","PSMG1"
"655","P09651","HNRNPA1"
"656","P27797","CALR"
"657","P37108","SRP14"
"658","P49591","SARS1"
"659","P53396","ACLY"
"660","P78527","PRKDC"
"661","Q00341","HDLBP"
"662","Q04837","SSBP1"
"663","Q07021","C1QBP"
"664","Q07666","KHDRBS1"
"665","Q5T200","ZC3H13"
"666","Q6BDS2","BLTP3A"
"667","Q8IUD2","ERC1"
"668","Q8N6T3","ARFGAP1"
"669","Q9NR30","DDX21"
"670","Q9NSB4","KRT82"
"671","Q9UBT6","POLK"
"672","Q9UN86","G3BP2"
"673","Q9Y285","FARSA"
"674","Q9Y3A5","SBDS"
"675","Q9Y6M1","IGF2BP2"
"676","O43765","SGTA"
"677","O60763","USO1"
"678","P09497","CLTB"
"679","P10828","THRB"
"680","P18077","RPL35A"
"681","P19013","KRT4"
"682","P21333","FLNA"
"683","P23526","AHCY"
"684","P54136","RARS1"
"685","P62316","SNRPD2"
"686","P62877","RBX1"
"687","Q01844","EWSR1"
"688","Q04637","EIF4G1"
"689","Q13442","PDAP1"
"690","Q13459","MYO9B"
"691","Q7L5Y9","MAEA"
"692","Q92616","GCN1"
"693","Q96S59","RANBP9"
"694","Q9H7F0","ATP13A3"
"695","Q9NSB2","KRT84"
"696","Q9UL63","MKLN1"
"697","Q9Y3I1","FBXO7"
"698","O43390","HNRNPR"
"699","O60841","EIF5B"
"700","O95096","NKX2-2"
"701","P02545","LMNA"
"702","P09382","LGALS1"
"703","P09622","DLD"
"704","P0C7W6","CCDC172"
"705","P10809","HSPD1"
"706","P14618","PKM"
"707","P26639","TARS1"
"708","P30153","PPP2R1A"
"709","P40306","PSMB10"
"710","P51991","HNRNPA3"
"711","P53621","COPA"
"712","P62805",""
"713","Q12933","TRAF2"
"714","Q32MZ4","LRRFIP1"
"715","Q58FG0","HSP90AA5P"
"716","Q5JT25","RAB41"
"717","Q8IWJ2","GCC2"
"718","Q8N0X7","SPART"
"719","Q8N3P4","VPS8"
"720","Q92608","DOCK2"
"721","Q96SI1","KCTD15"
"722","Q99729","HNRNPAB"
"723","Q99933","BAG1"
"724","Q9BUP0","EFHD1"
"725","Q9BWJ5","SF3B5"
"726","Q9H871","RMND5A"
"727","Q9HAW4","CLSPN"
"728","Q9NQ89","FERRY3"
"729","Q9NU02","ANKEF1"
"730","Q9NWU2","GID8"
"731","O15409","FOXP2"
"732","O43776","NARS1"
"733","O60765","ZNF354A"
"734","O94988","FAM13A"
"735","P07602","PSAP"
"736","P15924","DSP"
"737","P16473","TSHR"
"738","P20810","CAST"
"739","P26951","IL3RA"
"740","P36776","LONP1"
"741","P38159","RBMX"
"742","P41567","EIF1"
"743","P42704","LRPPRC"
"744","P50748","KNTC1"
"745","P51148","RAB5C"
"746","P51149","RAB7A"
"747","P52815","MRPL12"
"748","P54577","YARS1"
"749","P55209","NAP1L1"
"750","P61513","RPL37A"
"751","P62308","SNRPG"
"752","P62314","SNRPD1"
"753","P62699","YPEL5"
"754","P62861","FAU"
"755","Q03001","DST"
"756","Q08380","LGALS3BP"
"757","Q09666","AHNAK"
"758","Q13263","TRIM28"
"759","Q14203","DCTN1"
"760","Q6NZI2","CAVIN1"
"761","Q6VN20","RANBP10"
"762","Q71UM5","RPS27L"
"763","Q86V81","ALYREF"
"764","Q8IVL0","NAV3"
"765","Q8IWT6","LRRC8A"
"766","Q8IWV7","UBR1"
"767","Q8IYH5","ZZZ3"
"768","Q8WZ42","TTN"
"769","Q99456","KRT12"
"770","Q99666",""
"771","Q9BRR3","PGAP4"
"772","Q9BVW5","TIPIN"
"773","Q9H0Q0","CYRIA"
"774","Q9NUJ1","ABHD10"
"775","Q9NYC9","DNAH9"
"776","Q9P0J7","KCMF1"
"777","Q9UHB9","SRP68"
"778","Q9UKX3","MYH13"
"779","Q9UPN3","MACF1"
"780","Q9Y2I1","NISCH"
"781","Q9Y3I0","RTCB"
"782","Q9Y4A0","JRKL"
"783","A6NFD8","HELT"
"784","A6NMY6","ANXA2P2"
"785","O00571","DDX3X"
"786","O15021","MAST4"
"787","O60232","ZNRD2"
"788","O75607","NPM3"
"789","O94886","TMEM63A"
"790","O95271","TNKS"
"791","P02792","FTL"
"792","P05455","SSB"
"793","P09012","SNRPA"
"794","P09874","PARP1"
"795","P16403","H1-2"
"796","P17540","CKMT2"
"797","P22309","UGT1A1"
"798","P27816","MAP4"
"799","P29144","TPP2"
"800","P45974","USP5"
"801","P53674","CRYBB1"
"802","P61019","RAB2A"
"803","P61923","COPZ1"
"804","P62318","SNRPD3"
"805","P78347","GTF2I"
"806","Q05481","ZNF91"
"807","Q06830","PRDX1"
"808","Q13155","AIMP2"
"809","Q13487","SNAPC2"
"810","Q13501","SQSTM1"
"811","Q13561","DCTN2"
"812","Q13733","ATP1A4"
"813","Q13765","NACA"
"814","Q13813","SPTAN1"
"815","Q14980","NUMA1"
"816","Q15019","SEPTIN2"
"817","Q16576","RBBP7"
"818","Q16777","H2AC20"
"819","Q16890","TPD52L1"
"820","Q53HC0","CCDC92"
"821","Q5THJ4","VPS13D"
"822","Q6EMB2","TTLL5"
"823","Q6Y7W6","GIGYF2"
"824","Q709C8","VPS13C"
"825","Q7Z478","DHX29"
"826","Q7Z699","SPRED1"
"827","Q7Z739","YTHDF3"
"828","Q8IUQ4","SIAH1"
"829","Q8IYJ3","SYTL1"
"830","Q8IZP2","ST13P4"
"831","Q8N0X2","SPAG16"
"832","Q8N103","TAGAP"
"833","Q8N283","ANKRD35"
"834","Q8N9H9","C1orf127"
"835","Q96F15","GIMAP5"
"836","Q96P31","FCRL3"
"837","Q96RW7","HMCN1"
"838","Q9BR76","CORO1B"
"839","Q9BRP8","PYM1"
"840","Q9H2Y7","ZNF106"
"841","Q9H672","ASB7"
"842","Q9H8Y5","ANKZF1"
"843","Q9HCC6","HES4"
"844","Q9HCE1","MOV10"
"845","Q9NQV7","PRDM9"
"846","Q9NWH9","SLTM"
"847","Q9NZB2","FAM120A"
"848","Q9UHD8","SEPTIN9"
"849","Q9ULE0","WWC3"
"850","Q9Y6G9","DYNC1LI1"
"851","A6NI56","CCDC154"
"852","A6NLW8","DUXA"
"853","B5MCY1","TDRD15"
"854","O00192","ARVCF"
"855","O00410","IPO5"
"856","O00451","GFRA2"
"857","O14827","RASGRF2"
"858","O14901","KLF11"
"859","O15078","CEP290"
"860","O15315","RAD51B"
"861","O43264","ZW10"
"862","O43293","DAPK3"
"863","O43708","GSTZ1"
"864","O60934","NBN"
"865","O75592","MYCBP2"
"866","O76021","RSL1D1"
"867","O94993","SOX30"
"868","O95816","BAG2"
"869","P01876","IGHA1"
"870","P06703","S100A6"
"871","P07477","PRSS1"
"872","P07478","PRSS2"
"873","P08579","SNRPB2"
"874","P09211","GSTP1"
"875","P09661","SNRPA1"
"876","P0C7T5","ATXN1L"
"877","P10745","RBP3"
"878","P10909","CLU"
"879","P11047","LAMC1"
"880","P12081","HARS1"
"881","P12270","TPR"
"882","P13682","ZNF35"
"883","P14678","SNRPB"
"884","P14923","JUP"
"885","P17096","HMGA1"
"886","P20839","IMPDH1"
"887","P26196","DDX6"
"888","P27815","PDE4A"
"889","P28799","GRN"
"890","P29966","MARCKS"
"891","P33176","KIF5B"
"892","P39687","ANP32A"
"893","P41250","GARS1"
"894","P47813","EIF1AX"
"895","P48163","ME1"
"896","P49642","PRIM1"
"897","P52907","CAPZA1"
"898","P55265","ADAR"
"899","P57740","NUP107"
"900","P61020","RAB5B"
"901","P61163","ACTR1A"
"902","P67870","CSNK2B"
"903","P78406","RAE1"
"904","P9WGP3","secA2"
"905","Q00722","PLCB2"
"906","Q00975","CACNA1B"
"907","Q01804","OTUD4"
"908","Q02978","SLC25A11"
"909","Q05655","PRKCD"
"910","Q08554","DSC1"
"911","Q13064","MKRN3"
"912","Q13085","ACACA"
"913","Q13111","CHAF1A"
"914","Q13201","MMRN1"
"915","Q13202","DUSP8"
"916","Q13409","DYNC1I2"
"917","Q13435","SF3B2"
"918","Q13895","BYSL"
"919","Q14324","MYBPC2"
"920","Q14683","SMC1A"
"921","Q15058","KIF14"
"922","Q15131","CDK10"
"923","Q15369","ELOC"
"924","Q15427","SF3B4"
"925","Q15746","MYLK"
"926","Q15751","HERC1"
"927","Q16585","SGCB"
"928","Q1KMD3","HNRNPUL2"
"929","Q2LD37","BLTP1"
"930","Q2NL82","TSR1"
"931","Q2TAZ0","ATG2A"
"932","Q3B7T1","EDRF1"
"933","Q5CZ79","ANKRD20A8P"
"934","Q5RKV6","EXOSC6"
"935","Q5SNV9","C1orf167"
"936","Q8IXS0","FAM217A"
"937","Q8IY92","SLX4"
"938","Q8IYA2","CCDC144CP"
"939","Q8IYB8","SUPV3L1"
"940","Q8IZA0","KIAA0319L"
"941","Q8IZF6","ADGRG4"
"942","Q8N1F7","NUP93"
"943","Q8N328","PGBD3"
"944","Q8N350","CBARP"
"945","Q8N3T6","TMEM132C"
"946","Q8N428","GALNT16"
"947","Q8N5N7","MRPL50"
"948","Q8N697","SLC15A4"
"949","Q8N7Q3","ZNF676"
"950","Q8N8N7","PTGR2"
"951","Q8NB16","MLKL"
"952","Q8NBU5","ATAD1"
"953","Q8NCX0","CCDC150"
"954","Q8NDX5","PHC3"
"955","Q8NE71","ABCF1"
"956","Q8NEZ4","KMT2C"
"957","Q8NF91","SYNE1"
"958","Q8NFZ4","NLGN2"
"959","Q8NGA1","OR1M1"
"960","Q8NGR8","OR1L8"
"961","Q8NHM5","KDM2B"
"962","Q8TAF3","WDR48"
"963","Q8TB22","SPATA20"
"964","Q8TB72","PUM2"
"965","Q8TBA6","GOLGA5"
"966","Q8TEA7","TBCK"
"967","Q8TEH3","DENND1A"
"968","Q8TEK3","DOT1L"
"969","Q8TEQ0","SNX29"
"970","Q8TEQ6","GEMIN5"
"971","Q8TEW0","PARD3"
"972","Q8WTP8","AEN"
"973","Q8WWL2","SPIRE2"
"974","Q8WX93","PALLD"
"975","Q8WYP5","AHCTF1"
"976","Q92485","SMPDL3B"
"977","Q92506","HSD17B8"
"978","Q92552","MRPS27"
"979","Q92614","MYO18A"
"980","Q92817","EVPL"
"981","Q92878","RAD50"
"982","Q92932","PTPRN2"
"983","Q92973","TNPO1"
"984","Q96BH1","RNF25"
"985","Q96CT7","CCDC124"
"986","Q96D03","DDIT4L"
"987","Q96DN2","VWCE"
"988","Q96DT7","ZBTB10"
"989","Q96F86","EDC3"
"990","Q96FV9","THOC1"
"991","Q96G74","OTUD5"
"992","Q96IV0","NGLY1"
"993","Q96J42","TXNDC15"
"994","Q96JM2","ZNF462"
"995","Q96L42","KCNH8"
"996","Q96L91","EP400"
"997","Q96M94","KLHL15"
"998","Q96MF2","STAC3"
"999","Q96PE2","ARHGEF17"
"1000","Q96QU1","PCDH15"
"1001","Q96QU8","XPO6"
"1002","Q96RS6","NUDCD1"
"1003","Q96S55","WRNIP1"
"1004","Q99614","TTC1"
"1005","Q99965","ADAM2"
"1006","Q9BQA1","WDR77"
"1007","Q9BQG1","SYT3"
"1008","Q9BTW9","TBCD"
"1009","Q9BWU0","SLC4A1AP"
"1010","Q9BZF9","UACA"
"1011","Q9C0F1","CEP44"
"1012","Q9C0J8","WDR33"
"1013","Q9H009","NACA2"
"1014","Q9H0J9","PARP12"
"1015","Q9H254","SPTBN4"
"1016","Q9H2S1","KCNN2"
"1017","Q9H426","RIMS4"
"1018","Q9H4P4","RNF41"
"1019","Q9H6S0","YTHDC2"
"1020","Q9H7Z7","PTGES2"
"1021","Q9HD33","MRPL47"
"1022","Q9NP71","MLXIPL"
"1023","Q9NPF5","DMAP1"
"1024","Q9NQC3","RTN4"
"1025","Q9NQG7","HPS4"
"1026","Q9NR31","SAR1A"
"1027","Q9NR50","EIF2B3"
"1028","Q9NUU7","DDX19A"
"1029","Q9NWL6","ASNSD1"
"1030","Q9NWS1","PARPBP"
"1031","Q9NZ72","STMN3"
"1032","Q9NZJ4","SACS"
"1033","Q9NZL4","HSPBP1"
"1034","Q9NZL6","RGL1"
"1035","Q9NZN9","AIPL1"
"1036","Q9NZQ9","TMOD4"
"1037","Q9NZT1","CALML5"
"1038","Q9NZV1","CRIM1"
"1039","Q9P1Z9","CCDC180"
"1040","Q9P260","RELCH"
"1041","Q9P2D3","HEATR5B"
"1042","Q9P2D7","DNAH1"
"1043","Q9P2Y5","UVRAG"
"1044","Q9UBB9","TFIP11"
"1045","Q9UBC3","DNMT3B"
"1046","Q9UBS0","RPS6KB2"
"1047","Q9UBS9","SUCO"
"1048","Q9UBT7","CTNNAL1"
"1049","Q9UBU9","NXF1"
"1050","Q9UC06","ZNF70"
"1051","Q9UGQ3","SLC2A6"
"1052","Q9UH73","EBF1"
"1053","Q9UJX2","CDC23"
"1054","Q9UK32","RPS6KA6"
"1055","Q9UK73","FEM1B"
"1056","Q9UKN7","MYO15A"
"1057","Q9UKT9","IKZF3"
"1058","Q9UKU9","ANGPTL2"
"1059","Q9UL25","RAB21"
"1060","Q9ULI3","HEG1"
"1061","Q9ULT8","HECTD1"
"1062","Q9ULW0","TPX2"
"1063","Q9ULX5","RNF112"
"1064","Q9UN72","PCDHA7"
"1065","Q9UNH5","CDC14A"
"1066","Q9UP95","SLC12A4"
"1067","Q9UPA5","BSN"
"1068","Q9Y2G5","POFUT2"
"1069","Q9Y2T1","AXIN2"
"1070","Q9Y2V7","COG6"
"1071","Q9Y3A3","MOB4"
"1072","Q9Y467","SALL2"
"1073","Q9Y4D8","HECTD4"
"1074","Q9Y4L1","HYOU1"
"1075","Q9Y4L5","RNF115"
"1076","Q9Y5B9","SUPT16H"
"1077","Q9Y664","KPTN"
"1078","Q9Y6D9","MAD1L1"
"1079","Q9Y6Y8","SEC23IP"
